{
  "version": "2.0.1-RB",
  "league": "La Liga",
  "season": "2025-26",
  "matchday": 3,
  "mode": "Risky",
  "matches": [
    {
      "season": "2025-26",
      "version": "2.0.1-RB",
      "league": "La Liga",
      "matchday": 3,
      "source": "laliga.com",
      "home_team": "Elche CF",
      "away_team": "Levante UD",
      "date": "2025-08-29",
      "predictions": {
        "main": {
          "home_win": 0.428,
          "draw": 0.23,
          "away_win": 0.362,
          "top_pick": "Home Win",
          "confidence": 0.027
        },
        "goals": {
          "total_expected": 2.32,
          "over_0_5": 0.889,
          "over_1_5": 0.645,
          "over_2_5": 0.377,
          "over_3_5": 0.181,
          "over_4_5": 0.072,
          "btts": 0.634
        },
        "halftime": {
          "home_lead": 0.133,
          "draw": 0.4,
          "away_lead": 0.091
        },
        "second_half": {
          "home_win_2H": 0.133,
          "draw_2H": 0.399,
          "away_win_2H": 0.092
        },
        "first_goal": {
          "home": 0.463,
          "away": 0.429,
          "no_goal": 0.107
        },
        "corners": {
          "total_expected": 9.98,
          "over_8_5": 0.665,
          "over_9_5": 0.54,
          "over_10_5": 0.415
        },
        "likely_scorers": [
          {
            "player": "Elche CF FWD",
            "prob": 0.432
          },
          {
            "player": "Levante UD FWD",
            "prob": 0.32
          },
          {
            "player": "Elche CF MID",
            "prob": 0.248
          }
        ]
      },
      "actuals": {
        "final_score": {
          "home": 2,
          "away": 0
        },
        "total_goals": 2,
        "winner": "Home",
        "btts": false,
        "halftime": null,
        "second_half": null,
        "first_goal": null,
        "corners": null
      }
    },
    {
      "season": "2025-26",
      "version": "2.0.1-RB",
      "league": "La Liga",
      "matchday": 3,
      "source": "laliga.com",
      "home_team": "Valencia CF",
      "away_team": "Getafe CF",
      "date": "2025-08-29",
      "predictions": {
        "main": {
          "home_win": 0.414,
          "draw": 0.23,
          "away_win": 0.376,
          "top_pick": "Home Win",
          "confidence": 0.025
        },
        "goals": {
          "total_expected": 2.41,
          "over_0_5": 0.899,
          "over_1_5": 0.667,
          "over_2_5": 0.401,
          "over_3_5": 0.198,
          "over_4_5": 0.082,
          "btts": 0.641
        },
        "halftime": {
          "home_lead": 0.128,
          "draw": 0.4,
          "away_lead": 0.095
        },
        "second_half": {
          "home_win_2H": 0.128,
          "draw_2H": 0.399,
          "away_win_2H": 0.095
        },
        "first_goal": {
          "home": 0.459,
          "away": 0.44,
          "no_goal": 0.101
        },
        "corners": {
          "total_expected": 9.64,
          "over_8_5": 0.625,
          "over_9_5": 0.496,
          "over_10_5": 0.372
        },
        "likely_scorers": [
          {
            "player": "Valencia CF FWD",
            "prob": 0.43
          },
          {
            "player": "Getafe CF FWD",
            "prob": 0.32
          },
          {
            "player": "Valencia CF MID",
            "prob": 0.25
          }
        ]
      },
      "actuals": {
        "final_score": {
          "home": 3,
          "away": 0
        },
        "total_goals": 3,
        "winner": "Home",
        "btts": false,
        "halftime": null,
        "second_half": null,
        "first_goal": null,
        "corners": null
      }
    },
    {
      "season": "2025-26",
      "version": "2.0.1-RB",
      "league": "La Liga",
      "matchday": 3,
      "source": "laliga.com",
      "home_team": "Deportivo Alavés",
      "away_team": "Atlético de Madrid",
      "date": "2025-08-30",
      "predictions": {
        "main": {
          "home_win": 0.39,
          "draw": 0.23,
          "away_win": 0.4,
          "top_pick": "Away Win",
          "confidence": 0.024
        },
        "goals": {
          "total_expected": 2.38,
          "over_0_5": 0.896,
          "over_1_5": 0.66,
          "over_2_5": 0.393,
          "over_3_5": 0.192,
          "over_4_5": 0.079,
          "btts": 0.648
        },
        "halftime": {
          "home_lead": 0.121,
          "draw": 0.4,
          "away_lead": 0.101
        },
        "second_half": {
          "home_win_2H": 0.121,
          "draw_2H": 0.399,
          "away_win_2H": 0.101
        },
        "first_goal": {
          "home": 0.446,
          "away": 0.451,
          "no_goal": 0.103
        },
        "corners": {
          "total_expected": 9.34,
          "over_8_5": 0.588,
          "over_9_5": 0.457,
          "over_10_5": 0.335
        },
        "likely_scorers": [
          {
            "player": "Julián Álvarez",
            "prob": 0.426
          }
        ]
      },
      "actuals": {
        "final_score": {
          "home": 1,
          "away": 1
        },
        "total_goals": 2,
        "winner": "Draw",
        "btts": true,
        "halftime": null,
        "second_half": null,
        "first_goal": null,
        "corners": null
      }
    },
    {
      "season": "2025-26",
      "version": "2.0.1-RB",
      "league": "La Liga",
      "matchday": 3,
      "source": "laliga.com",
      "home_team": "Real Oviedo",
      "away_team": "Real Sociedad",
      "date": "2025-08-30",
      "predictions": {
        "main": {
          "home_win": 0.364,
          "draw": 0.23,
          "away_win": 0.426,
          "top_pick": "Away Win",
          "confidence": 0.027
        },
        "goals": {
          "total_expected": 2.37,
          "over_0_5": 0.894,
          "over_1_5": 0.657,
          "over_2_5": 0.39,
          "over_3_5": 0.19,
          "over_4_5": 0.078,
          "btts": 0.635
        },
        "halftime": {
          "home_lead": 0.112,
          "draw": 0.4,
          "away_lead": 0.108
        },
        "second_half": {
          "home_win_2H": 0.112,
          "draw_2H": 0.399,
          "away_win_2H": 0.108
        },
        "first_goal": {
          "home": 0.432,
          "away": 0.464,
          "no_goal": 0.104
        },
        "corners": {
          "total_expected": 9.39,
          "over_8_5": 0.595,
          "over_9_5": 0.464,
          "over_10_5": 0.341
        },
        "likely_scorers": [
          {
            "player": "Real Oviedo FWD",
            "prob": 0.422
          },
          {
            "player": "Real Sociedad FWD",
            "prob": 0.32
          },
          {
            "player": "Real Oviedo MID",
            "prob": 0.258
          }
        ]
      },
      "actuals": {
        "final_score": {
          "home": 1,
          "away": 0
        },
        "total_goals": 1,
        "winner": "Home",
        "btts": false,
        "halftime": null,
        "second_half": null,
        "first_goal": null,
        "corners": null
      }
    },
    {
      "season": "2025-26",
      "version": "2.0.1-RB",
      "league": "La Liga",
      "matchday": 3,
      "source": "laliga.com",
      "home_team": "Girona FC",
      "away_team": "Sevilla FC",
      "date": "2025-08-30",
      "predictions": {
        "main": {
          "home_win": 0.41,
          "draw": 0.23,
          "away_win": 0.38,
          "top_pick": "Home Win",
          "confidence": 0.025
        },
        "goals": {
          "total_expected": 2.29,
          "over_0_5": 0.886,
          "over_1_5": 0.638,
          "over_2_5": 0.37,
          "over_3_5": 0.175,
          "over_4_5": 0.069,
          "btts": 0.643
        },
        "halftime": {
          "home_lead": 0.127,
          "draw": 0.4,
          "away_lead": 0.096
        },
        "second_half": {
          "home_win_2H": 0.127,
          "draw_2H": 0.399,
          "away_win_2H": 0.096
        },
        "first_goal": {
          "home": 0.453,
          "away": 0.438,
          "no_goal": 0.109
        },
        "corners": {
          "total_expected": 9.26,
          "over_8_5": 0.578,
          "over_9_5": 0.447,
          "over_10_5": 0.325
        },
        "likely_scorers": [
          {
            "player": "Girona FC FWD",
            "prob": 0.429
          },
          {
            "player": "Sevilla FC FWD",
            "prob": 0.32
          },
          {
            "player": "Girona FC MID",
            "prob": 0.251
          }
        ]
      },
      "actuals": {
        "final_score": {
          "home": 0,
          "away": 2
        },
        "total_goals": 2,
        "winner": "Away",
        "btts": false,
        "halftime": null,
        "second_half": null,
        "first_goal": null,
        "corners": null
      }
    },
    {
      "season": "2025-26",
      "version": "2.0.1-RB",
      "league": "La Liga",
      "matchday": 3,
      "source": "laliga.com",
      "home_team": "Real Madrid",
      "away_team": "RCD Mallorca",
      "date": "2025-08-30",
      "predictions": {
        "main": {
          "home_win": 0.463,
          "draw": 0.23,
          "away_win": 0.327,
          "top_pick": "Home Win",
          "confidence": 0.035
        },
        "goals": {
          "total_expected": 2.41,
          "over_0_5": 0.898,
          "over_1_5": 0.666,
          "over_2_5": 0.4,
          "over_3_5": 0.198,
          "over_4_5": 0.082,
          "btts": 0.618
        },
        "halftime": {
          "home_lead": 0.144,
          "draw": 0.4,
          "away_lead": 0.082
        },
        "second_half": {
          "home_win_2H": 0.144,
          "draw_2H": 0.398,
          "away_win_2H": 0.083
        },
        "first_goal": {
          "home": 0.484,
          "away": 0.414,
          "no_goal": 0.102
        },
        "corners": {
          "total_expected": 10.07,
          "over_8_5": 0.675,
          "over_9_5": 0.551,
          "over_10_5": 0.426
        },
        "likely_scorers": [
          {
            "player": "Kylian Mbappé",
            "prob": 0.438
          },
          {
            "player": "Vinícius Júnior",
            "prob": 0.32
          }
        ]
      },
      "actuals": {
        "final_score": {
          "home": 2,
          "away": 1
        },
        "total_goals": 3,
        "winner": "Home",
        "btts": true,
        "halftime": null,
        "second_half": null,
        "first_goal": null,
        "corners": null
      }
    },
    {
      "season": "2025-26",
      "version": "2.0.1-RB",
      "league": "La Liga",
      "matchday": 3,
      "source": "laliga.com",
      "home_team": "Celta",
      "away_team": "Villarreal CF",
      "date": "2025-08-31",
      "predictions": {
        "main": {
          "home_win": 0.357,
          "draw": 0.23,
          "away_win": 0.433,
          "top_pick": "Away Win",
          "confidence": 0.028
        },
        "goals": {
          "total_expected": 2.41,
          "over_0_5": 0.898,
          "over_1_5": 0.666,
          "over_2_5": 0.4,
          "over_3_5": 0.198,
          "over_4_5": 0.082,
          "btts": 0.631
        },
        "halftime": {
          "home_lead": 0.11,
          "draw": 0.4,
          "away_lead": 0.11
        },
        "second_half": {
          "home_win_2H": 0.11,
          "draw_2H": 0.399,
          "away_win_2H": 0.11
        },
        "first_goal": {
          "home": 0.429,
          "away": 0.469,
          "no_goal": 0.102
        },
        "corners": {
          "total_expected": 10.09,
          "over_8_5": 0.677,
          "over_9_5": 0.553,
          "over_10_5": 0.428
        },
        "likely_scorers": [
          {
            "player": "Celta FWD",
            "prob": 0.421
          },
          {
            "player": "Villarreal CF FWD",
            "prob": 0.32
          },
          {
            "player": "Celta MID",
            "prob": 0.259
          }
        ]
      },
      "actuals": {
        "final_score": {
          "home": 1,
          "away": 1
        },
        "total_goals": 2,
        "winner": "Draw",
        "btts": true,
        "halftime": null,
        "second_half": null,
        "first_goal": null,
        "corners": null
      }
    },
    {
      "season": "2025-26",
      "version": "2.0.1-RB",
      "league": "La Liga",
      "matchday": 3,
      "source": "laliga.com",
      "home_team": "Real Betis",
      "away_team": "Athletic Club",
      "date": "2025-08-31",
      "predictions": {
        "main": {
          "home_win": 0.401,
          "draw": 0.23,
          "away_win": 0.389,
          "top_pick": "Home Win",
          "confidence": 0.024
        },
        "goals": {
          "total_expected": 2.48,
          "over_0_5": 0.906,
          "over_1_5": 0.684,
          "over_2_5": 0.421,
          "over_3_5": 0.214,
          "over_4_5": 0.091,
          "btts": 0.647
        },
        "halftime": {
          "home_lead": 0.124,
          "draw": 0.4,
          "away_lead": 0.098
        },
        "second_half": {
          "home_win_2H": 0.124,
          "draw_2H": 0.399,
          "away_win_2H": 0.098
        },
        "first_goal": {
          "home": 0.455,
          "away": 0.448,
          "no_goal": 0.097
        },
        "corners": {
          "total_expected": 9.89,
          "over_8_5": 0.655,
          "over_9_5": 0.529,
          "over_10_5": 0.404
        },
        "likely_scorers": [
          {
            "player": "Real Betis FWD",
            "prob": 0.428
          },
          {
            "player": "Athletic Club FWD",
            "prob": 0.32
          },
          {
            "player": "Real Betis MID",
            "prob": 0.252
          }
        ]
      },
      "actuals": {
        "final_score": {
          "home": 1,
          "away": 2
        },
        "total_goals": 3,
        "winner": "Away",
        "btts": true,
        "halftime": null,
        "second_half": null,
        "first_goal": null,
        "corners": null
      }
    },
    {
      "season": "2025-26",
      "version": "2.0.1-RB",
      "league": "La Liga",
      "matchday": 3,
      "source": "laliga.com",
      "home_team": "RCD Espanyol de Barcelona",
      "away_team": "CA Osasuna",
      "date": "2025-08-31",
      "predictions": {
        "main": {
          "home_win": 0.419,
          "draw": 0.23,
          "away_win": 0.371,
          "top_pick": "Home Win",
          "confidence": 0.026
        },
        "goals": {
          "total_expected": 2.36,
          "over_0_5": 0.894,
          "over_1_5": 0.656,
          "over_2_5": 0.389,
          "over_3_5": 0.189,
          "over_4_5": 0.077,
          "btts": 0.639
        },
        "halftime": {
          "home_lead": 0.13,
          "draw": 0.4,
          "away_lead": 0.094
        },
        "second_half": {
          "home_win_2H": 0.13,
          "draw_2H": 0.399,
          "away_win_2H": 0.094
        },
        "first_goal": {
          "home": 0.46,
          "away": 0.436,
          "no_goal": 0.104
        },
        "corners": {
          "total_expected": 9.96,
          "over_8_5": 0.663,
          "over_9_5": 0.537,
          "over_10_5": 0.412
        },
        "likely_scorers": [
          {
            "player": "RCD Espanyol de Barcelona FWD",
            "prob": 0.431
          },
          {
            "player": "CA Osasuna FWD",
            "prob": 0.32
          },
          {
            "player": "RCD Espanyol de Barcelona MID",
            "prob": 0.249
          }
        ]
      },
      "actuals": {
        "final_score": {
          "home": 1,
          "away": 0
        },
        "total_goals": 1,
        "winner": "Home",
        "btts": false,
        "halftime": null,
        "second_half": null,
        "first_goal": null,
        "corners": null
      }
    },
    {
      "season": "2025-26",
      "version": "2.0.1-RB",
      "league": "La Liga",
      "matchday": 3,
      "source": "laliga.com",
      "home_team": "Rayo Vallecano",
      "away_team": "FC Barcelona",
      "date": "2025-08-31",
      "predictions": {
        "main": {
          "home_win": 0.364,
          "draw": 0.23,
          "away_win": 0.426,
          "top_pick": "Away Win",
          "confidence": 0.027
        },
        "goals": {
          "total_expected": 2.42,
          "over_0_5": 0.9,
          "over_1_5": 0.67,
          "over_2_5": 0.405,
          "over_3_5": 0.201,
          "over_4_5": 0.084,
          "btts": 0.635
        },
        "halftime": {
          "home_lead": 0.112,
          "draw": 0.4,
          "away_lead": 0.108
        },
        "second_half": {
          "home_win_2H": 0.112,
          "draw_2H": 0.399,
          "away_win_2H": 0.108
        },
        "first_goal": {
          "home": 0.434,
          "away": 0.466,
          "no_goal": 0.1
        },
        "corners": {
          "total_expected": 9.66,
          "over_8_5": 0.628,
          "over_9_5": 0.499,
          "over_10_5": 0.375
        },
        "likely_scorers": [
          {
            "player": "Robert Lewandowski",
            "prob": 0.422
          }
        ]
      },
      "actuals": {
        "final_score": {
          "home": 1,
          "away": 1
        },
        "total_goals": 2,
        "winner": "Draw",
        "btts": true,
        "halftime": null,
        "second_half": null,
        "first_goal": null,
        "corners": null
      }
    }
  ]
}