{
  "version": "2.0.1-RB",
  "league": "La Liga",
  "season": "2025-26",
  "matchday": 5,
  "shortlist": {
    "high_confidence": [],
    "medium_confidence": [],
    "low_confidence": [
      {
        "Match": "Real Betis vs Real Sociedad",
        "TopPick": "Home Win",
        "Confidence": 0.014
      },
      {
        "Match": "Girona FC vs Levante UD",
        "TopPick": "Home Win",
        "Confidence": 0.012
      },
      {
        "Match": "Real Madrid vs RCD Espanyol de Barcelona",
        "TopPick": "Home Win",
        "Confidence": 0.016
      },
      {
        "Match": "Villarreal CF vs CA Osasuna",
        "TopPick": "Home Win",
        "Confidence": 0.017
      }
    ]
  },
  "upset_candidates": [
    {
      "Match": "Real Betis vs Real Sociedad",
      "TopPick": "Home Win",
      "Confidence": 0.014
    },
    {
      "Match": "Girona FC vs Levante UD",
      "TopPick": "Home Win",
      "Confidence": 0.012
    },
    {
      "Match": "Real Madrid vs RCD Espanyol de Barcelona",
      "TopPick": "Home Win",
      "Confidence": 0.016
    },
    {
      "Match": "Villarreal CF vs CA Osasuna",
      "TopPick": "Home Win",
      "Confidence": 0.017
    },
    {
      "Match": "Deportivo Alavés vs Sevilla FC",
      "TopPick": "Home Win",
      "Confidence": 0.014
    }
  ]
}